{
    "predict_bleu-4": 91.925445604904,
    "predict_rouge-1": 98.09302544529262,
    "predict_rouge-2": 96.77754329169558,
    "predict_rouge-l": 94.55185542447374,
    "predict_runtime": 17063.2339,
    "predict_samples": 8646,
    "predict_samples_per_second": 0.507,
    "predict_steps_per_second": 0.507
}